Model,Val Accuracy,Val F1,Val AUC,Test Accuracy,Test F1,Test AUC
Logistic Regression,0.967032967032967,0.9577464788732394,0.9828282828282829,0.9736842105263158,0.9647058823529412,0.99737962659679
Random Forest,0.9340659340659341,0.918918918918919,0.9752525252525253,0.9736842105263158,0.963855421686747,0.9983622666229938
Gradient Boosting,0.9560439560439561,0.9444444444444444,0.9787878787878789,0.9736842105263158,0.9647058823529412,0.9980347199475925
SVM,0.967032967032967,0.9577464788732394,0.9813131313131314,0.9736842105263158,0.9647058823529412,0.99737962659679
Neural Network,0.9560439560439561,0.9444444444444444,0.9797979797979798,0.956140350877193,0.9411764705882353,0.996069439895185
XGBoost,0.967032967032967,0.9577464788732394,0.9888888888888889,0.9912280701754386,0.9882352941176471,0.9990173599737964
CatBoost,0.9560439560439561,0.9444444444444444,0.9833333333333334,0.9736842105263158,0.963855421686747,0.9983622666229938
LightGBM,0.967032967032967,0.9577464788732394,0.9757575757575757,0.9824561403508771,0.9761904761904762,0.9977071732721913
