Model,Val Accuracy,Val F1,Val AUC,Test Accuracy,Test F1,Test AUC
Logistic Regression,0.7802197802197802,0.6774193548387096,0.8727272727272728,0.8421052631578947,0.7804878048780488,0.9056665574844416
Random Forest,0.7802197802197802,0.6774193548387096,0.8858585858585858,0.8508771929824561,0.7951807228915663,0.9210612512283
Gradient Boosting,0.8021978021978022,0.71875,0.8848484848484848,0.8157894736842105,0.7529411764705882,0.8811005568293482
SVM,0.7912087912087912,0.6885245901639344,0.895959595959596,0.8508771929824561,0.7951807228915663,0.9053390108090403
Neural Network,0.7802197802197802,0.6875,0.9035353535353535,0.868421052631579,0.8192771084337349,0.9105797576154602
XGBoost,0.8131868131868132,0.7384615384615385,0.9050505050505051,0.8070175438596491,0.75,0.876842450049132
CatBoost,0.8241758241758241,0.7419354838709677,0.888888888888889,0.8421052631578947,0.7804878048780488,0.9027186374058304
LightGBM,0.8131868131868132,0.7301587301587301,0.9045454545454545,0.7982456140350878,0.7228915662650602,0.8860137569603669
