Model,Val Accuracy,Val F1,Val AUC,Test Accuracy,Test F1,Test AUC
Logistic Regression,0.9120879120879121,0.8823529411764706,0.9454545454545454,0.9385964912280702,0.9195402298850575,0.9708483458892893
Random Forest,0.9010989010989011,0.8656716417910447,0.9494949494949495,0.9035087719298246,0.8705882352941177,0.9541434654438257
Gradient Boosting,0.9230769230769231,0.8955223880597015,0.954040404040404,0.8947368421052632,0.8636363636363636,0.9561087454962333
SVM,0.945054945054945,0.927536231884058,0.9383838383838383,0.956140350877193,0.9411764705882353,0.9672453324598755
Neural Network,0.9340659340659341,0.9142857142857143,0.953030303030303,0.9035087719298246,0.8764044943820225,0.9832951195545365
XGBoost,0.9230769230769231,0.8955223880597015,0.9570707070707071,0.9122807017543859,0.8863636363636364,0.9629872256796593
CatBoost,0.9230769230769231,0.8955223880597015,0.9565656565656565,0.8859649122807017,0.8505747126436781,0.9547985587946282
LightGBM,0.9010989010989011,0.8695652173913043,0.96010101010101,0.8859649122807017,0.8505747126436781,0.9597117589256469
